Name,Price,Rating
SONY ILCE-6100/B IN5 Mirrorless Camera Body Only,"₹56,990",4.5
SONY ILCE-7C/SQ IN5 Mirrorless Camera Mirrorless,"₹1,47,990",4.4
"Canon EOS 3000D DSLR Camera 1 Camera Body, 18 - 55 mm Lens","₹31,999",4.4
Canon EOS 1500D DSLR Camera Body+ 18-55 mm IS II Lens,"₹38,999",4.5
SONY Alpha Full Frame ILCE-7M2K/BQ IN5 Mirrorless Camera Body with 28 - 70 mm Lens,"₹89,999",4.6
SONY ILCE-6100L/B IN5 Mirrorless Camera With 16-50 mm Power Zoom Lens,"₹66,990",4.6
SONY Alpha ILCE-6400L Mirrorless Camera with 16-50mm Power Zoom Lens,"₹79,990",4.7
Canon EOS M50 Mark II Mirrorless Camera EF-M15-45mm is STM Lens,"₹57,890",4.5
NIKON D3500 DSLR Camera Body with Dual lens: 18-55 mm f/3.5-5.6 G VR and AF-P DX Nikkor 70-300 mm f/4....,"₹53,950",4.6
SONY Alpha ILCE-6400 Mirrorless Camera (Body Only),"₹70,990",4.7
NIKON D5600 DSLR Camera Body with Dual Lens: AF-P DX Nikkor 18 - 55 MM F/3.5-5.6G VR and 70-300 MM F/4...,"₹66,750",4.6
FUJIFILM X Series X-E4 Mirrorless Camera Body with XF 27 mm F2.8 R WR Prime Lens,"₹89,999",4.7
Canon EOS 200D II DSLR Camera EF-S18-55mm IS STM,"₹56,499",4.5
SONY ILCE-7M4K/BQIN5 Mirrorless Camera Single Lens: 28-70 mm,"₹2,42,990",3.9
FUJIFILM X Series X-E4 Mirrorless Camera Body with XF 27 mm F2.8 R WR Prime Lens,"₹89,999",4.7
SONY ILCE-7M4/BQ IN5 Mirrorless Camera Body Only,"₹2,24,990",4.8
FUJIFILM X Series X-S10 Mirrorless Camera Body Only,"₹92,999",5
SONY Alpha 7M3K Mirrorless Camera Body with 28 - 70 mm Zoom Lens,"₹1,60,081",4.6
SONY Alpha 7M3 Mirrorless Camera Body Only,"₹1,59,990",4.6
SONY Alpha ILCE-6400M Mirrorless Camera with 18-135mm Zoom Lens,"₹1,02,990",4.7
SONY ILCE-7CL/SQ IN5 Mirrorless Camera Mirrorless,"₹1,73,290",4.5
POZUB New Arrival 3in1 Selfie Stick Stand With Dustproof Bag PZB-XT012 Travel Tripod Stand Flexible Ha...,₹396,4.5
SONY ILCE-6100Y/B IN5 Mirrorless Camera with 16-50 mm & 55-210 mm Zoom Lenses,"₹78,990",4.6
SONY ILCE-7C/BQ IN5 Mirrorless Camera Mirrorless,"₹1,47,790",4.7
SONY ILCE-6100/B IN5 Mirrorless Camera Body Only,"₹56,990",4.5
NIKON Z 50 Mirrorless Camera Body with 16-50mm Lens,"₹85,995",4.4
FUJIFILM X-Series X-E4 Mirrorless Camera Body Only,"₹74,499",4.7
SONY Alpha ILCE-6400M Mirrorless Camera with 18-135mm Zoom Lens,"₹1,02,990",4.7
POZUB PZB-F42 Buy Hot Selling Tripod stand with Clip BAG |Tripod stand for camera||Gimbal for smartpho...,₹328,4
FUJIFILM X-T3 Mirrorless Camera Body Only,"₹1,00,999",4.2
FUJIFILM X Series X-T4 Mirrorless Camera Body with XF 18-55mm Lens,"₹1,71,999",4.4
SONY ILCE-7M4K/BQIN5 Mirrorless Camera Single Lens: 28-70 mm,"₹2,42,990",3.9
FUJIFILM X Series X-A7 Mirrorless Camera Body With 15-45 mm Lens,"₹44,999",4.3
Canon EOS 90D DSLR Camera Body Only,"₹95,273",4.6
Canon Full Frame Mirrorless EOS R5 Mirrorless Camera Body,"₹3,29,995",n/a
SONY Alpha ILCE-6400L Mirrorless Camera with 16-50mm Power Zoom Lens,"₹79,990",4.7
Canon EOS 3925C010A DSLR Camera 1,"₹86,995",n/a
NIKON Z7 II Body Mirrorless Camera with 64GB UHS-II SD Card,"₹2,36,499",5
Panasonic G Series DC-G95HGW-K Mirrorless Camera G95 with 14-140mm lens,"₹99,356",4.3
SONY ILCE-6100Y/B IN5 Mirrorless Camera with 16-50 mm & 55-210 mm Zoom Lenses,"₹78,990",4.6
NIKON ZFC-28MM DSLR Camera 28MM,"₹99,199",n/a
OLYMPUS OM-D E-M1 Mark II Mirrorless Camera digital ED 12-40mm f2.8 PRO Lens,"₹1,48,608",n/a
Canon RP Mirrorless Camera Body Only,"₹81,410",4.3
SONY Alpha ILCE-6400 Mirrorless Camera (Body Only),"₹70,990",4.7
FUJIFILM X-T3 Mirrorless Camera Body with 16-80 Lens Kit,"₹1,57,999",4.2
FUJIFILM X Series X-T4 Mirrorless Camera Body with XF 16-80mm Lens,"₹1,85,999",4.4
FUJIFILM X-Series X-E4 Mirrorless Camera Body with Accessories - Metal Hand Grip (MHG-XE4) and Thumb R...,"₹82,999",4.7
SONY ILCE-6100L/B IN5 Mirrorless Camera With 16-50 mm Power Zoom Lens,"₹66,990",4.6
FUJIFILM X-Series X-E4 Mirrorless Camera Body with Accessories - Metal Hand Grip (MHG-XE4) and Thumb R...,"₹82,999",4.7
NIKON D7500 DSLR Camera Body with 18-140 mm Lens,"₹94,950",4.6
NIKON D780 DSLR Camera Body with 24-120 mm,"₹1,83,690",2.3
SONY Alpha ILCE-6400M Mirrorless Camera with 18-135mm Zoom Lens,"₹1,02,990",4.7
"Panasonic Lumix Series Lumix DC-S1RMGA with 24-105 mm lens Mirrorless Camera Body, 24-105 MM Lens","₹3,98,990",n/a
POZUB NEW ARRIVAL Best Buy Strong Tripod stand + Dustproof Bag with Clip |Tripod stand for camera||Gim...,₹328,4.4
POZUB High Quality Portable Multi-Purpose Selfie Stick Stand With Dustproof Bag PZB-XT012 Travel Tripo...,₹398,3.6
SONY ILCE-7M4K/BQIN5 Mirrorless Camera Single Lens: 28-70 mm,"₹2,42,990",3.9
FUJIFILM X-Series X-E4 Mirrorless Camera Body Only,"₹74,499",4.7
FUJIFILM X Series X-T4 Mirrorless Camera Body with XF 18-55mm Lens,"₹1,71,999",4.4
Panasonic DC-GH5GA-K DC-GH5GA-K Mirroless Camera Body only Mirrorless Camera Body only,"₹1,32,990",n/a
SONY Alpha ILCE-6400L Mirrorless Camera with 16-50mm Power Zoom Lens,"₹79,990",4.7
NIKON Z7 II Kit Mirrorless Camera 24-70mm F/4S with 64GB UHS-II SD Card,"₹2,79,999",5
"Panasonic Lumix G DC-G95H with 14-140 mm Lens kit Mirrorless Camera Body, Lens","₹1,21,990",n/a
NIKON Z 7 Mirrorless Camera Body + 24-70mm Lens and Mount Adapter,"₹2,69,999",5
SONY ILCE-6100Y/B IN5 Mirrorless Camera with 16-50 mm & 55-210 mm Zoom Lenses,"₹78,990",4.6
SONY ILCE-7C/SQ IN5 Mirrorless Camera Mirrorless,"₹1,47,990",4.4
FUJIFILM X Series X-T4 Mirrorless Camera Body Only,"₹1,43,999",4.4
Canon EOS 5D Mark IV DSLR Camera Body with Single Lens:EF 24-105mm f/4L IS II USM Lens,"₹2,86,495",3.8
SONY Alpha ILCE-6400 Mirrorless Camera (Body Only),"₹70,990",4.7
FUJIFILM FX-X-PRO3DS Mirrorless Camera FX-X-PRO3DS,"₹1,61,999",n/a
NIKON Z6II-24-120MM DSLR Camera 24-120MM,"₹2,62,990",n/a
POZUB Best Buy 3in1 Stand Selfie Stick With Dustproof Bag Travel Tripod Stand PZB-XT012 Flexible Handh...,₹397,3.6
SONY ILCE-6100L/B IN5 Mirrorless Camera With 16-50 mm Power Zoom Lens,"₹66,990",4.6
NIKON Z 6 Mirrorless Camera Body with 24-70mm Lens and Mount Adapter FTZ,"₹1,74,999",4.2
Canon EOS M50 Mark II Vlogger Kit Mirrorless Camera EF-M 15-45mm Lens,"₹58,995",n/a
Canon EOS 6D Mark II DSLR Camera Body with Single Lens: EF24-105mm f/4L IS II USM,"₹1,72,546",4.5
SONY ILCE-7M4K/BQIN5 Mirrorless Camera Single Lens: 28-70 mm,"₹2,42,990",3.9
SONY ILCE-6600/B IN5 Mirrorless Camera Body Only,"₹1,09,990",4.5
NIKON D5600 DSLR Camera Body with Single Lens: AF-S DX Nikkor 18 - 140 MM F/3.5-5.6G ED VR,"₹63,998",4.6
POZUB strong Tripod stand + Dustproof Bag with Clip |Tripod stand for camera||Gimbal for smartphone|mo...,₹328,3
SONY Alpha 7M3K Mirrorless Camera Body with 28 - 70 mm Zoom Lens,"₹1,60,081",4.6
POZUB 3 in1 Multi-Purpose Bluetooth Extendable Wireless Remote Selfie Stick Tripod Stand + Dustproof B...,₹397,3.7
NIKON Z50-18-140MM DSLR Camera 18-140MM,"₹98,699",5
FUJIFILM X Series X-A7 Mirrorless Camera Body With 15-45 mm Lens,"₹44,999",4.3
SONY ILCE-7C/SQ IN5 Mirrorless Camera Mirrorless,"₹1,47,990",4.4
FUJIFILM X Series X-S10 Mirrorless Camera Body with XF 18 - 55 mm Lens,"₹1,25,499",5
NIKON Z 6 Mirrorless Camera Body with Mount Adapter FTZ,"₹1,67,375",4.2
NIKON D780 DSLR Camera Body Only,"₹1,64,990",2.3
SONY ILCE-7C/BQ IN5 Mirrorless Camera Mirrorless,"₹1,47,790",4.7
NIKON Z5 Mirrorless Camera Z 5 Body,"₹95,290",5
Canon EOS 80D DSLR Camera Body with 18-135 mm Lens,"₹93,999",4.5
SONY ILCE-7M4/BQ IN5 Mirrorless Camera Body Only,"₹2,24,990",4.8
